2018-2008_rate_of_fatness,clean_air_change,clean_environ_change,health_training_change,school_awareness_change,media_awareness_change,sub_counselling_change
0.000843852,0.1648,0.1758,0.1429,0.2308,0.198,0.088
0.000665322,0.155,0.225,0.11,0.27,0.155,0.085
0.00080577,0.1103,0.2759,0.0759,0.2172,0.203,0.117
0.000738808,0.1714,0.3333,0.1,0.2095,0.1,0.086
0.000816536,0.2538,0.3231,0.0769,0.1538,0.146,0.046
0.001014485,0.1598,0.2663,0.1183,0.2544,0.13,0.071
0.000751719,0.192,0.312,0.096,0.216,0.104,0.08
0.000763024,0.1846,0.3,0.1231,0.2231,0.092,0.077
0.000770308,0.2302,0.2806,0.0935,0.1511,0.201,0.043
0.000545771,0.2,0.25,0.0885,0.2,0.204,0.058
0.000546689,0.2885,0.2462,0.1,0.1885,0.119,0.058
0.000564042,0.3488,0.0676,0.0783,0.2669,0.196,0.043
0.000700904,0.2935,0.1419,0.1194,0.1935,0.213,0.039
0.000607736,0.3375,0.0938,0.1125,0.2813,0.088,0.088
0.000670131,0.253,0.2731,0.0683,0.2289,0.112,0.064
0.000659372,0.2044,0.1602,0.0718,0.1934,0.287,0.083
0.00063478,0.0643,0.2398,0.1696,0.2515,0.199,0.076
0.000660904,0.1278,0.3444,0.1,0.2111,0.117,0.1
0.000734827,0.2251,0.1885,0.0209,0.3246,0.089,0.152
0.000763746,0.2231,0.4269,0.1231,0.0615,0.058,0.108
0.000707989,0.2429,0.3214,0.0929,0.1929,0.136,0.014
0.000689061,0.2901,0.1298,0.145,0.1603,0.206,0.069
0.000688909,0.2043,0.1174,0.1217,0.3391,0.091,0.126
0.000653412,0.045,0.33,0.095,0.33,0.1,0.1
0.000448144,0.0792,0.4375,0.075,0.2333,0.063,0.113
0.000693699,0.08,0.43,0.12,0.18,0.085,0.105
0.000584542,0.3618,0.1357,0.0704,0.3216,0.075,0.035
0.000487498,0.3301,0.2249,0.1435,0.1962,0.067,0.038
0.000610508,0.2682,0.352,0.0335,0.2291,0.056,0.061
0.000733796,0.2286,0.1429,0.0786,0.3071,0.143,0.1
0.000813901,0.1086,0.2579,0.095,0.2896,0.145,0.104
0.000502987,0.2736,0.3383,0.0547,0.1244,0.154,0.055
0.000673399,0.1444,0.3056,0.1667,0.2444,0.033,0.106
0.000705296,0.0357,0.2786,0.0571,0.2286,0.264,0.136
0.00030908,0.3382,0.3528,0.0243,0.0487,0.153,0.083
0.000501618,0.215,0.15,0.085,0.295,0.16,0.095
0.000427341,0.0708,0.3917,0.0625,0.2125,0.196,0.067
0.000546201,0.3889,0.2778,0.1,0.0444,0.144,0.044
0.000455946,0.2563,0.2813,0.0313,0.1625,0.181,0.088
0.000588354,0.2273,0.0773,0.1045,0.3364,0.136,0.118
0.00026427,0.3,0.3364,0.1182,0.1,0.109,0.036
0.000495708,0.2341,0.2274,0.0803,0.1906,0.174,0.094
0.000280564,0.2258,0.1871,0.0581,0.2484,0.161,0.119
0.000763386,0.1511,0.1583,0.1295,0.295,0.129,0.137
0.000551612,0.2167,0.1778,0.0667,0.3056,0.144,0.089
0.000474216,0.1955,0.2091,0.0909,0.2955,0.132,0.077
0.000679257,0.2375,0.3438,0.05,0.1875,0.144,0.038
0.000448856,0.2164,0.3127,0.04,0.2964,0.115,0.02
0.000437352,0.3023,0.3047,0.0465,0.193,0.063,0.091
0.000412649,0.209,0.2388,0.0547,0.2388,0.139,0.119
0.000401083,0.1364,0.1364,0.1455,0.2455,0.136,0.2
0.000458731,0.0576,0.4121,0.1545,0.2091,0.103,0.064
0.000185151,0.2984,0.2369,0.082,0.1367,0.139,0.107
7.39798E-05,0.24,0.18,0.12,0.4,0.04,0.02
0.00037847,0.265,0.335,0.07,0.195,0.04,0.095
0.000313002,0.115,0.25,0.115,0.315,0.13,0.075
0.000279727,0.2411,0.2624,0.1206,0.2411,0.057,0.078
0.000529788,0.0896,0.1343,0.1144,0.2736,0.249,0.139
0.000309848,0.3087,0.1946,0.1208,0.2282,0.094,0.054
0.000404913,0.2628,0.1582,0.056,0.3163,0.139,0.068
0.000452294,0.2138,0.3274,0.0401,0.2628,0.107,0.049
0.000426022,0.2708,0.2708,0.0875,0.1667,0.108,0.096
0.000184794,0.1476,0.3857,0.0857,0.2,0.129,0.052
0.000489475,0.077,0.3273,0.1564,0.1516,0.168,0.119
0.000455453,0.2392,0.2919,0.0861,0.2967,0.043,0.043
0.000343499,0.2438,0.25,0.1,0.2375,0.113,0.056
0.000513955,0.1417,0.275,0.1083,0.2667,0.175,0.033
0.00017723,0.2707,0.1931,0.0655,0.231,0.134,0.105
0.000282076,0.1347,0.4413,0.1748,0.0888,0.12,0.04
0.000242064,0.2382,0.1882,0.1588,0.2382,0.085,0.091
0.000387769,0.2867,0.34,0.1,0.1467,0.08,0.047
0.000312372,0.204,0.344,0.14,0.168,0.076,0.068
0.00025632,0.2658,0.061,0.146,0.3028,0.057,0.168
0.0003423,0.1231,0.3615,0.1308,0.2692,0.038,0.077
0.000391736,0.225,0.365,0.0513,0.2038,0.041,0.114
0.000350321,0.2063,0.1693,0.0053,0.381,0.138,0.101
0.000314471,0.1789,0.4544,0.1091,0.0054,0.191,0.061
0.00045239,0.2133,0.1801,0.1517,0.3412,0.076,0.038
0.000310038,0.2314,0.2149,0.1074,0.2975,0.116,0.033
0.000251961,0.1082,0.3593,0.1126,0.1645,0.208,0.048
0.000226427,0.2094,0.1759,0.1203,0.245,0.187,0.062
0.000218358,0.3309,0.145,0.0186,0.2937,0.074,0.138
0.000312984,0.1166,0.2883,0.0225,0.2229,0.221,0.129
0.0004687,0.2,0.275,0.075,0.2,0.183,0.067
0.000217644,0.2816,0.3084,0.0624,0.1765,0.107,0.064
0.000468825,0.1757,0.3013,0.0921,0.2008,0.163,0.067
0.000221893,0.2723,0.2383,0.1213,0.1617,0.143,0.064
0.00027384,0.1835,0.3761,0.1193,0.1743,0.092,0.055
0.00044151,0.3318,0.2818,0.1091,0.1364,0.064,0.077
0.000279174,0.2778,0.1167,0.0889,0.3667,0.067,0.083
0.000342391,0.0636,0.1182,0.0909,0.5091,0.123,0.095
0.000470818,0.2526,0.3316,0.0421,0.2105,0.116,0.047
0.000332108,0.4286,0.254,0.037,0.127,0.069,0.085
0.000104366,0.2424,0.1919,0.0909,0.2828,0.101,0.091
0.000273848,0.2614,0.3942,0.0581,0.1411,0.062,0.083
0.000186907,0.2846,0.4,0.1308,0.0615,0.023,0.1
0.000410749,0.1773,0.227,0.0426,0.3262,0.121,0.106
0.000370207,0.2615,0.2808,0.0192,0.2423,0.123,0.073
0.000236007,0.2294,0.2246,0.1583,0.1809,0.141,0.066
0.000219311,0.2273,0.1273,0.0636,0.2909,0.227,0.064
0.000160527,0.2185,0.3445,0.0252,0.2521,0.076,0.084
0.000103615,0.3,0.2727,0.0909,0.2,0.055,0.082
0.000151667,0.1385,0.4077,0.0846,0.1692,0.146,0.054
0.00025753,0.1068,0.2026,0.0436,0.3028,0.251,0.094
0.000214088,0.3361,0.2437,0.042,0.1597,0.109,0.109
0.000167298,0.131,0.1483,0.1517,0.3069,0.176,0.086
0.000101498,0.1625,0.2,0.15,0.3125,0.056,0.119
0.000198277,0.16,0.2,0.15,0.38,0.06,0.05
0.000374396,0.1467,0.1933,0.0867,0.2667,0.22,0.087
9.71E-05,0.2533,0.2382,0.1323,0.3138,0.025,0.038
0.000363433,0.3394,0.1572,0.1253,0.2437,0.064,0.071
0.000145888,0.167,0.2259,0.1089,0.2375,0.181,0.079
0.000142632,0.1932,0.3386,0.1205,0.1455,0.109,0.093
0.000191839,0.0333,0.425,0.1083,0.35,0.05,0.033
0.000237128,0.3131,0.202,0.0707,0.2121,0.101,0.101
0.00019944,0.3966,0.1339,0.1475,0.0576,0.12,0.144
8.27E-05,0.0426,0.2624,0.1489,0.3191,0.113,0.113
0.000239605,0.1944,0.2,0.1722,0.15,0.133,0.15
0.000158242,0.2579,0.1737,0.0526,0.2684,0.174,0.074
0.000249772,0.4157,0.1573,0.0787,0.191,0.079,0.079
0.000124977,0.2376,0.2846,0.0718,0.2487,0.103,0.054
0.000245168,0.1881,0.3267,0.099,0.1683,0.129,0.089
0.000125715,0.2685,0.2764,0.1146,0.2022,0.048,0.09
0.000175842,0.32,0.1733,0.1267,0.1867,0.12,0.073
7.83E-05,0.25,0.3243,0.09,0.0986,0.136,0.101
0.000353108,0.2444,0.0556,0.1056,0.2889,0.189,0.117
5.63E-05,0.205,0.2609,0.118,0.3106,0.062,0.043
0.000102811,0.2383,0.1242,0.0916,0.3075,0.157,0.081
1.36E-05,0.2522,0.2913,0.0652,0.1652,0.135,0.091
0.00012009,0.2776,0.2523,0.0439,0.2654,0.07,0.091
0.000157891,0.2714,0.3048,0.0905,0.2048,0.09,0.038
3.11E-05,0.2385,0.2308,0.1308,0.3,0.054,0.046
0.000183452,0.3714,0.0643,0.1071,0.2286,0.1,0.129
0.000181612,0.2518,0.2806,0.1079,0.2878,0.05,0.022
0.000240217,0.2099,0.1358,0.1481,0.2531,0.167,0.086
6.16E-05,0.2987,0.2021,0.0733,0.254,0.077,0.095
-9.64E-05,0.2645,0.2645,0.124,0.1322,0.132,0.083
9.02E-05,0.2278,0.4177,0.038,0.1519,0.127,0.038
0.000138474,0.175,0.3,0.2583,0.15,0.092,0.025
5.71E-06,0.2704,0.0181,0.1525,0.3884,0.114,0.056
3.17E-05,0.1414,0.1832,0.1309,0.3455,0.131,0.068
9.36E-05,0.2349,0.3893,0.0671,0.2349,0.04,0.034
1.84E-05,0.2168,0.2515,0.0485,0.3366,0.102,0.045
0.000315375,0.1973,0.2757,0.1,0.2108,0.17,0.046
0.000109395,0.1273,0.0364,0.0818,0.4455,0.236,0.073
0.000135356,0.1483,0.2679,0.0335,0.2727,0.187,0.091
2.64E-05,0.19,0.285,0.035,0.305,0.125,0.06
-9.82E-05,0.0289,0.4158,0.0289,0.3289,0.076,0.121
-0.000291642,0.3333,0.098,0.1569,0.2745,0.098,0.039
8.89E-05,0.2036,0.19,0.1041,0.371,0.1,0.032
-0.000137445,0.1381,0.2524,0.1095,0.3667,0.043,0.09
